{"loss": 0.32715919613838196, "accuracy": 0.8809999823570251}