{"loss": 0.33350351452827454, "accuracy": 0.8809999823570251}