{"loss": 0.3085966408252716, "accuracy": 0.8866000175476074}