{"loss": 0.30706384778022766, "accuracy": 0.8867999911308289}