epoch,loss,accuracy
1,0.6371421813964844,0.7807833552360535
2,0.4167342782020569,0.8550666570663452
