epoch,loss,accuracy
1,0.48450058698654175,0.8281999826431274
2,0.3533705770969391,0.8719833493232727
