epoch,loss,accuracy
1,0.5272728204727173,0.8170166611671448
2,0.34891727566719055,0.8769333362579346
