epoch,loss,accuracy
1,0.6018341183662415,0.791949987411499
2,0.38674846291542053,0.863349974155426
