step	accuracy
0	0.8281999826431274
1	0.8719833493232727
