step	accuracy
0	0.8170166611671448
1	0.8769333362579346
