step	accuracy
0	0.7807833552360535
1	0.8550666570663452
