step	accuracy
0	0.791949987411499
1	0.863349974155426
